{"alembic_version": [{"version_num": "38514b39a824"}], "groups": [{"created_at": "2023-05-25T00:10:36.108737", "update_at": "2023-05-25T00:10:36.108747", "id": "a8c538d7871540d08d3e62b257a916b6", "name": "Home"}], "recipes": [{"created_at": "2023-05-25T02:12:58.351881", "update_at": "2023-05-25T02:22:38.566270", "id": "eb181a9af89d40bc829e16b93c093251", "slug": "hersheys-perfectly-chocolate-chocolate-cake", "group_id": "a8c538d7871540d08d3e62b257a916b6", "user_id": "fec1187c5df747f4a352b47b4649828b", "name": "HERSHEY\u2019S \u201cPerfectly Chocolate\u201d Chocolate Cake", "description": "The words \u201cperfect\u201d and \u201cchocolate cake\u201d basically have the same meaning, right? With HERSHEY\u2019S homemade chocolate cake this seems to be true. Baking from scratch is easier than you think when you mix HERSHEY\u2019S cocoa with a few other simple ingredients. Bake this delicious dessert when you\u2019re hosting the next family get-together, celebrating a birthday or wanting a bite of delicious chocolate cake after dinner. This \u201cperfectly chocolate\u201d cake was made for sharing, so get out your best plates, have a pitcher of milk ready and divvy out this chocolatey cake with your favorite people.", "image": null, "total_time": "45", "prep_time": "30", "perform_time": "15", "cook_time": null, "recipe_yield": null, "recipeCuisine": null, "rating": null, "org_url": "https://www.hersheyland.com/recipes/hersheys-perfectly-chocolate-cupcakes.html", "date_added": "2023-05-25", "date_updated": "2023-05-25T02:22:38.562147", "is_ocr_recipe": false, "last_made": "2023-05-26T04:59:59", "name_normalized": "hershey's \"perfectly chocolate\" chocolate cake", "description_normalized": "the words \"perfect\" and \"chocolate cake\" basically have the same meaning, right? with hershey's homemade chocolate cake this seems to be true. baking from scratch is easier than you think when you mix hershey's cocoa with a few other simple ingredients. bake this delicious dessert when you're hosting the next family get-together, celebrating a birthday or wanting a bite of delicious chocolate cake after dinner. this \"perfectly chocolate\" cake was made for sharing, so get out your best plates, have a pitcher of milk ready and divvy out this chocolatey cake with your favorite people."}, {"created_at": "2023-05-25T02:23:34.901888", "update_at": "2023-05-25T02:24:12.735132", "id": "0184f099c0bb4843a279d4934fe64298", "slug": "hershey-s-perfectly-chocolate-chocolate-cupcakes-recipes", "group_id": "a8c538d7871540d08d3e62b257a916b6", "user_id": "fec1187c5df747f4a352b47b4649828b", "name": "HERSHEY'S \"Perfectly Chocolate\" Chocolate Cupcakes | Recipes", "description": "This chocolate cupcake recipe is easy to whip up in the kitchen and sure to please the crowd no matter how you celebrate birthdays, Easter gatherings and other fun get-togethers throughout the year. Bake moist chocolate cupcakes in the oven using HERSHEY\u2019S cocoa or HERSHEY\u2019S SPECIAL DARK cocoa if you prefer a more decadent cupcake flavor. Then, try creating homemade frosting to cover each cupcake. Finally, if you\u2019d like an extra visual pop and culinary crunch, consider placing CADBURY MINI EGGS candies on top in different arrangements and color combinations. Life just got a lot sweeter with this simple chocolate cupcake recipe that will add more joy to your everyday snacking.", "image": "SyGy", "total_time": "38 Minutes", "prep_time": "15 Minutes", "perform_time": null, "cook_time": null, "recipe_yield": "36 servings", "recipeCuisine": null, "rating": null, "org_url": "https://www.hersheyland.com/recipes/hersheys-perfectly-chocolate-cupcakes.html", "date_added": "2023-05-25", "date_updated": "2023-05-25T02:24:12.730903", "is_ocr_recipe": false, "last_made": null, "name_normalized": "hershey's \"perfectly chocolate\" chocolate cupcakes | recipes", "description_normalized": "this chocolate cupcake recipe is easy to whip up in the kitchen and sure to please the crowd no matter how you celebrate birthdays, easter gatherings and other fun get-togethers throughout the year. bake moist chocolate cupcakes in the oven using hershey's cocoa or hershey's special dark cocoa if you prefer a more decadent cupcake flavor. then, try creating homemade frosting to cover each cupcake. finally, if you'd like an extra visual pop and culinary crunch, consider placing cadbury mini eggs candies on top in different arrangements and color combinations. life just got a lot sweeter with this simple chocolate cupcake recipe that will add more joy to your everyday snacking."}], "users": [{"created_at": "2023-05-25T00:10:36.686087", "update_at": "2023-05-25T00:10:36.686093", "id": "cfa7c9275b67408a85e5e21e80d401c6", "full_name": "Change Me", "username": "admin", "email": "changeme@email.com", "password": "$2b$12$nLbFaX0lHh8BUXPTtGS6AekWqVSxAFV29XzpO1Cd9suwzbwIboB.u", "admin": true, "advanced": true, "group_id": "a8c538d7871540d08d3e62b257a916b6", "cache_key": "1234", "can_manage": true, "can_invite": true, "can_organize": true, "owned_recipes_id": null, "login_attemps": 0, "locked_at": null, "auth_method": "MEALIE"}, {"created_at": "2023-05-25T02:10:38.642047", "update_at": "2023-05-25T02:10:38.642055", "id": "fec1187c5df747f4a352b47b4649828b", "full_name": "Steve Meyer", "username": "steve", "email": "steve.meyer@gmail.com", "password": "$2b$12$xgjgX3Shi5ra97S/GiEHGuz/UC6jCdXr5QQA7R1Hz9TcrI.GXE7mi", "admin": true, "advanced": true, "group_id": "a8c538d7871540d08d3e62b257a916b6", "cache_key": "1234", "can_manage": true, "can_invite": true, "can_organize": true, "owned_recipes_id": null, "login_attemps": 0, "locked_at": null, "auth_method": "MEALIE"}], "api_extras": [], "categories": [], "cookbooks": [], "group_data_exports": [], "group_events_notifiers": [], "group_meal_plan_rules": [], "group_meal_plans": [], "group_preferences": [{"created_at": "2023-05-25T00:10:36.213096", "update_at": "2023-05-25T00:10:36.213107", "id": "afc6413cc1554ce8aede0fa63412de06", "group_id": "a8c538d7871540d08d3e62b257a916b6", "private_group": false, "first_day_of_week": 0, "recipe_public": true, "recipe_show_nutrition": false, "recipe_show_assets": false, "recipe_landscape_view": false, "recipe_disable_comments": false, "recipe_disable_amount": true}], "group_reports": [], "ingredient_units": [], "invite_tokens": [], "long_live_tokens": [], "multi_purpose_labels": [], "notes": [], "password_reset_tokens": [], "recipe_assets": [], "recipe_comments": [], "recipe_instructions": [{"created_at": "2023-05-25T02:22:38.569801", "update_at": "2023-05-25T02:22:38.569805", "id": "565b62187e52499088793286f7a377ae", "recipe_id": "eb181a9af89d40bc829e16b93c093251", "position": 0, "type": "", "title": "", "text": "Heat oven to 350\u00b0 F. Line muffin cups (2-1/2 inches in diameter) with paper or foil bake cups.\n\n"}, {"created_at": "2023-05-25T02:22:38.570111", "update_at": "2023-05-25T02:22:38.570114", "id": "477af0684f8b454c8f14567a1c2e53eb", "recipe_id": "eb181a9af89d40bc829e16b93c093251", "position": 1, "type": "", "title": "", "text": "Stir together dry ingredients in large bowl. Add remaining ingredients except boiling water. Beat on medium speed of electric mixer 2 minutes. Stir in boiling water (batter will be thin). Fill muffin cups 1/2 full with batter."}, {"created_at": "2023-05-25T02:22:38.570570", "update_at": "2023-05-25T02:22:38.570574", "id": "bf16da0b4acf46e0a36e4d0e017460b9", "recipe_id": "eb181a9af89d40bc829e16b93c093251", "position": 2, "type": "", "title": "", "text": "Bake 22 to 25 minutes or until wooden pick inserted in center comes out clean. Cool completely. Frost with chocolate frosting and garnish with sprinkles, if desired."}, {"created_at": "2023-05-25T02:24:12.739593", "update_at": "2023-05-25T02:24:12.739597", "id": "636f452b1ae1432eaba1348bc4fc8b7b", "recipe_id": "0184f099c0bb4843a279d4934fe64298", "position": 0, "type": "", "title": "", "text": "Heat oven to 350\u00b0 F. Line muffin cups (2-1/2 inches in diameter) with paper or foil bake cups."}, {"created_at": "2023-05-25T02:24:12.739914", "update_at": "2023-05-25T02:24:12.739917", "id": "a287d24c82f1426d93704a056f3ff44e", "recipe_id": "0184f099c0bb4843a279d4934fe64298", "position": 1, "type": "", "title": "", "text": "Stir together dry ingredients in large bowl. Add remaining ingredients except boiling water. Beat on medium speed of electric mixer 2 minutes. Stir in boiling water (batter will be thin). Fill muffin cups 1/2 full with batter."}, {"created_at": "2023-05-25T02:24:12.740066", "update_at": "2023-05-25T02:24:12.740069", "id": "e7af8b967f884d35a287c411d1efbae7", "recipe_id": "0184f099c0bb4843a279d4934fe64298", "position": 2, "type": "", "title": "", "text": "Bake 22 to 25 minutes or until wooden pick inserted in center comes out clean. Cool completely. Frost with chocolate frosting and garnish with sprinkles, if desired."}], "recipe_nutrition": [{"created_at": "2023-05-25T02:22:38.570899", "update_at": "2023-05-25T02:22:38.570904", "id": 3, "recipe_id": "eb181a9af89d40bc829e16b93c093251", "calories": null, "fat_content": null, "fiber_content": null, "protein_content": null, "carbohydrate_content": null, "sodium_content": null, "sugar_content": null}, {"created_at": "2023-05-25T02:24:12.740311", "update_at": "2023-05-25T02:24:12.740315", "id": 5, "recipe_id": "0184f099c0bb4843a279d4934fe64298", "calories": "130", "fat_content": "5", "fiber_content": "0", "protein_content": "2", "carbohydrate_content": "21", "sodium_content": "150", "sugar_content": "15"}], "recipe_settings": [{"created_at": "2023-05-25T02:22:38.571278", "update_at": "2023-05-25T02:22:38.571283", "id": 3, "recipe_id": "eb181a9af89d40bc829e16b93c093251", "public": true, "show_nutrition": false, "show_assets": false, "landscape_view": false, "disable_amount": true, "disable_comments": false, "locked": false}, {"created_at": "2023-05-25T02:24:12.740646", "update_at": "2023-05-25T02:24:12.740651", "id": 5, "recipe_id": "0184f099c0bb4843a279d4934fe64298", "public": true, "show_nutrition": false, "show_assets": false, "landscape_view": false, "disable_amount": true, "disable_comments": false, "locked": false}], "recipe_share_tokens": [], "recipe_timeline_events": [{"created_at": "2023-05-25T02:12:58.535383", "update_at": "2023-05-25T02:12:58.535394", "id": "d659b1dd1a354d8ba6fd8c917b70e8bb", "recipe_id": "eb181a9af89d40bc829e16b93c093251", "user_id": "fec1187c5df747f4a352b47b4649828b", "subject": "Recipe Created", "message": null, "event_type": "system", "image": null, "timestamp": "2023-05-25T02:12:58.351881"}, {"created_at": "2023-05-25T02:22:38.277268", "update_at": "2023-05-25T02:22:38.277276", "id": "79c03d52d79e4634b7f44873b4548689", "recipe_id": "eb181a9af89d40bc829e16b93c093251", "user_id": "fec1187c5df747f4a352b47b4649828b", "subject": "Steve Meyer made this", "message": "", "event_type": "comment", "image": null, "timestamp": "2023-05-26T04:59:59"}, {"created_at": "2023-05-25T02:23:35.046707", "update_at": "2023-05-25T02:23:35.046719", "id": "1a8aea1450c0411e921f8b20d76b2420", "recipe_id": "0184f099c0bb4843a279d4934fe64298", "user_id": "fec1187c5df747f4a352b47b4649828b", "subject": "Recipe Created", "message": null, "event_type": "system", "image": null, "timestamp": "2023-05-25T02:23:34.901888"}], "server_tasks": [{"id": 1, "created_at": "2023-05-25T00:30:32.040539", "update_at": "2023-05-25T00:31:32.759907", "name": "Background Task", "completed_date": null, "status": "finished", "log": "2023-05-25 00:30:32.694723: test task has started\n2023-05-25 00:30:32.695007: test task sleeping for 60 seconds\n2023-05-25 00:31:32.755175: test task has finished sleep\n2023-05-25 00:31:32.755310: test task has succeeded\n", "group_id": "a8c538d7871540d08d3e62b257a916b6"}], "shopping_lists": [], "tags": [{"created_at": "2023-05-25T02:23:34.116854", "update_at": "2023-05-25T02:23:34.116861", "id": "fe33f749292b4b2c82297119a0c13fa2", "group_id": "a8c538d7871540d08d3e62b257a916b6", "name": "Cupcakes", "slug": "cupcakes"}, {"created_at": "2023-05-25T02:23:34.230481", "update_at": "2023-05-25T02:23:34.230493", "id": "05346d22fd9a4db2aaec6347d373d71b", "group_id": "a8c538d7871540d08d3e62b257a916b6", "name": "Beginner", "slug": "beginner"}, {"created_at": "2023-05-25T02:23:34.296936", "update_at": "2023-05-25T02:23:34.296948", "id": "832b54e823b743c59acbe67ed47bdbf4", "group_id": "a8c538d7871540d08d3e62b257a916b6", "name": "Hershey'S", "slug": "hershey-s"}, {"created_at": "2023-05-25T02:23:34.362248", "update_at": "2023-05-25T02:23:34.362260", "id": "653ff98c8caa4c5486d2eb69ac312e56", "group_id": "a8c538d7871540d08d3e62b257a916b6", "name": "Easter", "slug": "easter"}, {"created_at": "2023-05-25T02:23:34.428962", "update_at": "2023-05-25T02:23:34.428975", "id": "5b233da96d734a12bc58a81a438e5f26", "group_id": "a8c538d7871540d08d3e62b257a916b6", "name": "Popular", "slug": "popular"}, {"created_at": "2023-05-25T02:23:34.493664", "update_at": "2023-05-25T02:23:34.493673", "id": "0c453c21886e4ca8b1ba5239f32c4680", "group_id": "a8c538d7871540d08d3e62b257a916b6", "name": "Cadbury", "slug": "cadbury"}, {"created_at": "2023-05-25T02:23:34.554294", "update_at": "2023-05-25T02:23:34.554308", "id": "65efeb8aeb6049569a097ea20f0e0e5a", "group_id": "a8c538d7871540d08d3e62b257a916b6", "name": "Dark Chocolate", "slug": "dark-chocolate"}, {"created_at": "2023-05-25T02:23:34.612144", "update_at": "2023-05-25T02:23:34.612157", "id": "4972caf8b6724022a07e795eb2cf38d0", "group_id": "a8c538d7871540d08d3e62b257a916b6", "name": "Evergreen", "slug": "evergreen"}, {"created_at": "2023-05-25T02:23:34.678833", "update_at": "2023-05-25T02:23:34.678845", "id": "8b0cf5802c814da9b428bdb04a4f9973", "group_id": "a8c538d7871540d08d3e62b257a916b6", "name": "Milk Chocolate", "slug": "milk-chocolate"}, {"created_at": "2023-05-25T02:23:34.745905", "update_at": "2023-05-25T02:23:34.745919", "id": "99960cfe952c4204955514da1079635b", "group_id": "a8c538d7871540d08d3e62b257a916b6", "name": "Hershey'S Cocoa", "slug": "hershey-s-cocoa"}, {"created_at": "2023-05-25T02:23:34.812308", "update_at": "2023-05-25T02:23:34.812321", "id": "a9d302ed041842b5a8230148a23e01e2", "group_id": "a8c538d7871540d08d3e62b257a916b6", "name": "Cadbury Milk Chocolate Mini Eggs", "slug": "cadbury-milk-chocolate-mini-eggs"}], "tools": [{"created_at": "2023-05-25T02:21:04.666906", "update_at": "2023-05-25T02:21:04.666917", "id": "36019afb288747acbbe6b53e528bcab1", "group_id": "a8c538d7871540d08d3e62b257a916b6", "name": "MUFFIN CUPS", "slug": "muffin-cups", "on_hand": false}, {"created_at": "2023-05-25T02:21:19.804723", "update_at": "2023-05-25T02:21:19.804733", "id": "02a4c49ac52647738fe15407fc078306", "group_id": "a8c538d7871540d08d3e62b257a916b6", "name": "MIXING BOWL", "slug": "mixing-bowl", "on_hand": false}, {"created_at": "2023-05-25T02:21:36.468405", "update_at": "2023-05-25T02:21:36.468412", "id": "302166e9770142cbafe0cd6914d547c4", "group_id": "a8c538d7871540d08d3e62b257a916b6", "name": "MUFFIN TIN", "slug": "muffin-tin", "on_hand": false}, {"created_at": "2023-05-25T02:21:49.065885", "update_at": "2023-05-25T02:21:49.065903", "id": "15a44367895943919508ea1ac33d3cfc", "group_id": "a8c538d7871540d08d3e62b257a916b6", "name": "OVEN", "slug": "oven", "on_hand": false}], "users_to_favorites": [], "webhook_urls": [], "cookbooks_to_categories": [], "cookbooks_to_tags": [], "cookbooks_to_tools": [], "group_events_notifier_options": [], "group_to_categories": [], "ingredient_foods": [], "plan_rules_to_categories": [], "plan_rules_to_tags": [], "recipe_ingredient_ref_link": [], "recipes_to_categories": [], "recipes_to_tags": [{"recipe_id": "0184f099c0bb4843a279d4934fe64298", "tag_id": "fe33f749292b4b2c82297119a0c13fa2"}, {"recipe_id": "0184f099c0bb4843a279d4934fe64298", "tag_id": "05346d22fd9a4db2aaec6347d373d71b"}, {"recipe_id": "0184f099c0bb4843a279d4934fe64298", "tag_id": "832b54e823b743c59acbe67ed47bdbf4"}, {"recipe_id": "0184f099c0bb4843a279d4934fe64298", "tag_id": "653ff98c8caa4c5486d2eb69ac312e56"}, {"recipe_id": "0184f099c0bb4843a279d4934fe64298", "tag_id": "5b233da96d734a12bc58a81a438e5f26"}, {"recipe_id": "0184f099c0bb4843a279d4934fe64298", "tag_id": "0c453c21886e4ca8b1ba5239f32c4680"}, {"recipe_id": "0184f099c0bb4843a279d4934fe64298", "tag_id": "65efeb8aeb6049569a097ea20f0e0e5a"}, {"recipe_id": "0184f099c0bb4843a279d4934fe64298", "tag_id": "4972caf8b6724022a07e795eb2cf38d0"}, {"recipe_id": "0184f099c0bb4843a279d4934fe64298", "tag_id": "8b0cf5802c814da9b428bdb04a4f9973"}, {"recipe_id": "0184f099c0bb4843a279d4934fe64298", "tag_id": "99960cfe952c4204955514da1079635b"}, {"recipe_id": "0184f099c0bb4843a279d4934fe64298", "tag_id": "a9d302ed041842b5a8230148a23e01e2"}], "recipes_to_tools": [{"recipe_id": "eb181a9af89d40bc829e16b93c093251", "tool_id": "36019afb288747acbbe6b53e528bcab1"}, {"recipe_id": "eb181a9af89d40bc829e16b93c093251", "tool_id": "02a4c49ac52647738fe15407fc078306"}, {"recipe_id": "eb181a9af89d40bc829e16b93c093251", "tool_id": "302166e9770142cbafe0cd6914d547c4"}, {"recipe_id": "eb181a9af89d40bc829e16b93c093251", "tool_id": "15a44367895943919508ea1ac33d3cfc"}], "report_entries": [], "shopping_list_extras": [], "shopping_list_recipe_reference": [], "shopping_lists_multi_purpose_labels": [], "ingredient_food_extras": [], "recipes_ingredients": [{"created_at": "2023-05-25T02:22:38.567595", "update_at": "2023-05-25T02:22:38.567601", "id": 15, "position": 0, "recipe_id": "eb181a9af89d40bc829e16b93c093251", "title": "", "note": "2 cups sugar", "unit_id": null, "food_id": null, "quantity": 1, "reference_id": "90961cb58e714ebcae60bf2ac309608f", "original_text": null, "note_normalized": "2 cups sugar", "original_text_normalized": null}, {"created_at": "2023-05-25T02:22:38.567922", "update_at": "2023-05-25T02:22:38.567926", "id": 16, "position": 1, "recipe_id": "eb181a9af89d40bc829e16b93c093251", "title": "", "note": "1 3/4 cups all-purpose flour", "unit_id": null, "food_id": null, "quantity": 1, "reference_id": "7a184896713945f4a2357825a31eaa11", "original_text": null, "note_normalized": "1 3/4 cups all-purpose flour", "original_text_normalized": null}, {"created_at": "2023-05-25T02:22:38.568051", "update_at": "2023-05-25T02:22:38.568054", "id": 17, "position": 2, "recipe_id": "eb181a9af89d40bc829e16b93c093251", "title": "", "note": "3/4 cup HERSHEY'S Cocoa or HERSHEY'S SPECIAL DARK Cocoa", "unit_id": null, "food_id": null, "quantity": 1, "reference_id": "e933a1ba698b4fa695171f11ad2c1743", "original_text": null, "note_normalized": "3/4 cup hershey's cocoa or hershey's special dark cocoa", "original_text_normalized": null}, {"created_at": "2023-05-25T02:22:38.568171", "update_at": "2023-05-25T02:22:38.568174", "id": 18, "position": 3, "recipe_id": "eb181a9af89d40bc829e16b93c093251", "title": "", "note": "1 1/2 tsps baking powder", "unit_id": null, "food_id": null, "quantity": 1, "reference_id": "c1b75332de854b3a9eccf2dfd9146b69", "original_text": null, "note_normalized": "1 1/2 tsps baking powder", "original_text_normalized": null}, {"created_at": "2023-05-25T02:22:38.568287", "update_at": "2023-05-25T02:22:38.568291", "id": 19, "position": 4, "recipe_id": "eb181a9af89d40bc829e16b93c093251", "title": "", "note": "1 1/2 tsps baking soda", "unit_id": null, "food_id": null, "quantity": 1, "reference_id": "aef5b6c1b7154aa4b7cb9f8b598e8cfd", "original_text": null, "note_normalized": "1 1/2 tsps baking soda", "original_text_normalized": null}, {"created_at": "2023-05-25T02:22:38.568402", "update_at": "2023-05-25T02:22:38.568405", "id": 20, "position": 5, "recipe_id": "eb181a9af89d40bc829e16b93c093251", "title": "", "note": "1 tsp salt", "unit_id": null, "food_id": null, "quantity": 1, "reference_id": "ebcd80ee6fdd454a81af0567b0fdf73f", "original_text": null, "note_normalized": "1 tsp salt", "original_text_normalized": null}, {"created_at": "2023-05-25T02:22:38.568523", "update_at": "2023-05-25T02:22:38.568526", "id": 21, "position": 6, "recipe_id": "eb181a9af89d40bc829e16b93c093251", "title": "", "note": "2 eggs", "unit_id": null, "food_id": null, "quantity": 1, "reference_id": "af0b65aff7e44c6f98701b0a17623b13", "original_text": null, "note_normalized": "2 eggs", "original_text_normalized": null}, {"created_at": "2023-05-25T02:22:38.568644", "update_at": "2023-05-25T02:22:38.568648", "id": 22, "position": 7, "recipe_id": "eb181a9af89d40bc829e16b93c093251", "title": "", "note": "1 cup milk", "unit_id": null, "food_id": null, "quantity": 1, "reference_id": "f0476fdb8b614b559c597b1ec88d9b9d", "original_text": null, "note_normalized": "1 cup milk", "original_text_normalized": null}, {"created_at": "2023-05-25T02:22:38.568772", "update_at": "2023-05-25T02:22:38.568775", "id": 23, "position": 8, "recipe_id": "eb181a9af89d40bc829e16b93c093251", "title": "", "note": "1/2 cup vegetable oil", "unit_id": null, "food_id": null, "quantity": 1, "reference_id": "187d771924ac4fe48b66c6c8f75c2436", "original_text": null, "note_normalized": "1/2 cup vegetable oil", "original_text_normalized": null}, {"created_at": "2023-05-25T02:22:38.569142", "update_at": "2023-05-25T02:22:38.569147", "id": 24, "position": 9, "recipe_id": "eb181a9af89d40bc829e16b93c093251", "title": "", "note": "2 tsps vanilla extract", "unit_id": null, "food_id": null, "quantity": 1, "reference_id": "2721928e271a4165a95aac19d4477d0e", "original_text": null, "note_normalized": "2 tsps vanilla extract", "original_text_normalized": null}, {"created_at": "2023-05-25T02:22:38.569272", "update_at": "2023-05-25T02:22:38.569275", "id": 25, "position": 10, "recipe_id": "eb181a9af89d40bc829e16b93c093251", "title": "", "note": "1 cup boiling water", "unit_id": null, "food_id": null, "quantity": 1, "reference_id": "c740c5536f3c495181e9afb3a66ee4b1", "original_text": null, "note_normalized": "1 cup boiling water", "original_text_normalized": null}, {"created_at": "2023-05-25T02:22:38.569382", "update_at": "2023-05-25T02:22:38.569386", "id": 26, "position": 11, "recipe_id": "eb181a9af89d40bc829e16b93c093251", "title": "", "note": "2 cups chocolate frosting (homemade or ready-to-spread)", "unit_id": null, "food_id": null, "quantity": 1, "reference_id": "743ed61a16e149d39185ed4f7f0eea9c", "original_text": null, "note_normalized": "2 cups chocolate frosting (homemade or ready-to-spread)", "original_text_normalized": null}, {"created_at": "2023-05-25T02:22:38.569491", "update_at": "2023-05-25T02:22:38.569495", "id": 27, "position": 12, "recipe_id": "eb181a9af89d40bc829e16b93c093251", "title": "", "note": "CADBURY Milk Chocolate Mini Eggs or other small candy decorations (optional)", "unit_id": null, "food_id": null, "quantity": 1, "reference_id": "603fcc1ab0f54b35b5f42363fcc73e1c", "original_text": null, "note_normalized": "cadbury milk chocolate mini eggs or other small candy decorations (optional)", "original_text_normalized": null}, {"created_at": "2023-05-25T02:24:12.736786", "update_at": "2023-05-25T02:24:12.736798", "id": 41, "position": 0, "recipe_id": "0184f099c0bb4843a279d4934fe64298", "title": null, "note": "2 cups sugar", "unit_id": null, "food_id": null, "quantity": 1, "reference_id": "80385fc516264375a8d3fbe4b591a169", "original_text": null, "note_normalized": "2 cups sugar", "original_text_normalized": null}, {"created_at": "2023-05-25T02:24:12.737253", "update_at": "2023-05-25T02:24:12.737259", "id": 42, "position": 1, "recipe_id": "0184f099c0bb4843a279d4934fe64298", "title": null, "note": "1 3/4 cups all-purpose flour", "unit_id": null, "food_id": null, "quantity": 1, "reference_id": "dbe6c25fef2e4ce7bbf3c8a0fb3c8a58", "original_text": null, "note_normalized": "1 3/4 cups all-purpose flour", "original_text_normalized": null}, {"created_at": "2023-05-25T02:24:12.737451", "update_at": "2023-05-25T02:24:12.737455", "id": 43, "position": 2, "recipe_id": "0184f099c0bb4843a279d4934fe64298", "title": null, "note": "3/4 cup HERSHEY'S Cocoa or HERSHEY'S SPECIAL DARK Cocoa", "unit_id": null, "food_id": null, "quantity": 1, "reference_id": "69e3b93b8c024c99baff1148f107d0dc", "original_text": null, "note_normalized": "3/4 cup hershey's cocoa or hershey's special dark cocoa", "original_text_normalized": null}, {"created_at": "2023-05-25T02:24:12.737646", "update_at": "2023-05-25T02:24:12.737650", "id": 44, "position": 3, "recipe_id": "0184f099c0bb4843a279d4934fe64298", "title": null, "note": "1 1/2 tsps baking powder", "unit_id": null, "food_id": null, "quantity": 1, "reference_id": "c824fb173ebc4f20a4439b7d5a4b04e5", "original_text": null, "note_normalized": "1 1/2 tsps baking powder", "original_text_normalized": null}, {"created_at": "2023-05-25T02:24:12.737786", "update_at": "2023-05-25T02:24:12.737790", "id": 45, "position": 4, "recipe_id": "0184f099c0bb4843a279d4934fe64298", "title": null, "note": "1 1/2 tsps baking soda", "unit_id": null, "food_id": null, "quantity": 1, "reference_id": "b07c4748beaa4bb28748958163c6dfe9", "original_text": null, "note_normalized": "1 1/2 tsps baking soda", "original_text_normalized": null}, {"created_at": "2023-05-25T02:24:12.737922", "update_at": "2023-05-25T02:24:12.737926", "id": 46, "position": 5, "recipe_id": "0184f099c0bb4843a279d4934fe64298", "title": null, "note": "1 tsp salt", "unit_id": null, "food_id": null, "quantity": 1, "reference_id": "08209cd5fd654a258c8df8e1751ef47e", "original_text": null, "note_normalized": "1 tsp salt", "original_text_normalized": null}, {"created_at": "2023-05-25T02:24:12.738068", "update_at": "2023-05-25T02:24:12.738072", "id": 47, "position": 6, "recipe_id": "0184f099c0bb4843a279d4934fe64298", "title": null, "note": "2 eggs", "unit_id": null, "food_id": null, "quantity": 1, "reference_id": "5c03756409744b93b785345b2bdc981d", "original_text": null, "note_normalized": "2 eggs", "original_text_normalized": null}, {"created_at": "2023-05-25T02:24:12.738203", "update_at": "2023-05-25T02:24:12.738206", "id": 48, "position": 7, "recipe_id": "0184f099c0bb4843a279d4934fe64298", "title": null, "note": "1 cup milk", "unit_id": null, "food_id": null, "quantity": 1, "reference_id": "a2ca4d5778794975839f658506c0d2b7", "original_text": null, "note_normalized": "1 cup milk", "original_text_normalized": null}, {"created_at": "2023-05-25T02:24:12.738333", "update_at": "2023-05-25T02:24:12.738337", "id": 49, "position": 8, "recipe_id": "0184f099c0bb4843a279d4934fe64298", "title": null, "note": "1/2 cup vegetable oil", "unit_id": null, "food_id": null, "quantity": 1, "reference_id": "c9e36c48c4054e649468f7e251d86387", "original_text": null, "note_normalized": "1/2 cup vegetable oil", "original_text_normalized": null}, {"created_at": "2023-05-25T02:24:12.738461", "update_at": "2023-05-25T02:24:12.738465", "id": 50, "position": 9, "recipe_id": "0184f099c0bb4843a279d4934fe64298", "title": null, "note": "2 tsps vanilla extract", "unit_id": null, "food_id": null, "quantity": 1, "reference_id": "36bfd23bbdb34c829a308b71f282961f", "original_text": null, "note_normalized": "2 tsps vanilla extract", "original_text_normalized": null}, {"created_at": "2023-05-25T02:24:12.738587", "update_at": "2023-05-25T02:24:12.738591", "id": 51, "position": 10, "recipe_id": "0184f099c0bb4843a279d4934fe64298", "title": null, "note": "1 cup boiling water", "unit_id": null, "food_id": null, "quantity": 1, "reference_id": "e97d2a52118549169a6a69e5f3c2f5c4", "original_text": null, "note_normalized": "1 cup boiling water", "original_text_normalized": null}, {"created_at": "2023-05-25T02:24:12.738715", "update_at": "2023-05-25T02:24:12.738719", "id": 52, "position": 11, "recipe_id": "0184f099c0bb4843a279d4934fe64298", "title": null, "note": "2 cups chocolate frosting (homemade or ready-to-spread)", "unit_id": null, "food_id": null, "quantity": 1, "reference_id": "43020175fee84f89bf1972b8a5ebc5db", "original_text": null, "note_normalized": "2 cups chocolate frosting (homemade or ready-to-spread)", "original_text_normalized": null}, {"created_at": "2023-05-25T02:24:12.739198", "update_at": "2023-05-25T02:24:12.739203", "id": 53, "position": 12, "recipe_id": "0184f099c0bb4843a279d4934fe64298", "title": null, "note": "CADBURY Milk Chocolate Mini Eggs or other small candy decorations (optional)", "unit_id": null, "food_id": null, "quantity": 1, "reference_id": "cda2414a32044cca9e1d6c1c8722817c", "original_text": null, "note_normalized": "cadbury milk chocolate mini eggs or other small candy decorations (optional)", "original_text_normalized": null}], "shopping_list_items": [], "shopping_list_item_extras": [], "shopping_list_item_recipe_reference": []}